period,primary_usd,new_orders_usd,unfilled_orders_usd,inventories_usd
2023-01,594760000000,593201000000,1295691000000,941094000000
2023-02,587856000000,582578000000,1295662000000,939381000000
2023-03,583439000000,584931000000,1302209000000,931185000000
2023-04,579771000000,583953000000,1311484000000,934978000000
2023-05,581957000000,581399000000,1315948000000,932159000000
2023-06,583700000000,596374000000,1333562000000,931027000000
2023-07,585630000000,586852000000,1339736000000,931694000000
2023-08,593496000000,589655000000,1340742000000,934176000000
2023-09,597455000000,603929000000,1352106000000,935124000000
2023-10,588017000000,584930000000,1353877000000,934863000000
2023-11,587708000000,595096000000,1366160000000,934300000000
2023-12,590118000000,603429000000,1384271000000,933564000000
2024-01,584255000000,575836000000,1380645000000,932239000000
2024-02,587042000000,580113000000,1378596000000,933569000000
2024-03,590400000000,588450000000,1381402000000,934012000000
2024-04,595413000000,589369000000,1380072000000,935587000000
2024-05,590334000000,585723000000,1380206000000,936426000000
2024-06,591770000000,579092000000,1372271000000,935183000000
2024-07,597331000000,593865000000,1373533000000,934978000000
2024-08,593766000000,589396000000,1373875000000,935844000000
2024-09,592881000000,591606000000,1377419000000,934025000000
2024-10,590720000000,591738000000,1383277000000,934085000000
2024-11,593730000000,589991000000,1384359000000,938291000000
2024-12,596142000000,592319000000,1385403000000,941027000000
