observation_date,MRTSSM441USS,MRTSSM442USS,MRTSSM443USS,MRTSSM445USS,MRTSSM446USS,MRTSSM448USS
1992-01-01,,4087,3743,29841,7313,9459
1992-02-01,,4177,3782,29766,7364,9444
1992-03-01,,4172,3773,29755,7356,9325
1992-04-01,,4182,3835,29950,7423,9610
1992-05-01,,4159,3850,30073,7395,9477
1992-06-01,,4239,3843,30074,7323,9622
1992-07-01,,4195,3993,30427,7194,9709
1992-08-01,,4202,3922,30353,7471,9886
1992-09-01,,4182,3952,30192,7322,9833
1992-10-01,,4130,4031,30724,7452,9904
1992-11-01,,4193,4016,30347,7410,9824
1992-12-01,,4260,4112,30306,7371,9991
1993-01-01,,4468,4281,30313,7437,10278
1993-02-01,,4339,4208,30549,7566,9889
1993-03-01,,4304,4265,30382,7509,9601
1993-04-01,,4392,4322,30543,7595,10017
1993-05-01,,4473,4359,30545,7591,10089
1993-06-01,,4446,4441,30435,7599,10071
1993-07-01,,4473,4490,30905,7672,10290
1993-08-01,,4480,4488,30371,7610,10094
1993-09-01,,4468,4579,30595,7673,10263
1993-10-01,,4499,4546,30714,7686,10162
1993-11-01,,4528,4598,30752,7692,10174
1993-12-01,,4523,4638,30838,7851,10208
1994-01-01,,4420,4713,30766,7806,10165
1994-02-01,,4608,4803,31016,7648,10314
1994-03-01,,4734,4901,31143,7829,10502
1994-04-01,,4747,4976,31293,7764,10215
1994-05-01,,4804,5020,31125,7856,10111
1994-06-01,,4832,5147,31509,7926,10324
1994-07-01,,4877,5206,31329,8005,10377
1994-08-01,,4992,5270,31545,8048,10545
1994-09-01,,5002,5343,31850,8086,10403
1994-10-01,,5082,5505,31606,8134,10701
1994-11-01,,5020,5601,31624,8103,10641
1994-12-01,,5076,5697,31789,8173,10662
1995-01-01,,5103,5714,31844,8211,10601
1995-02-01,,4919,5680,31725,8217,10320
1995-03-01,,4957,5679,31850,8206,10558
1995-04-01,,5015,5664,31642,8374,10476
1995-05-01,,5057,5800,31873,8321,10646
1995-06-01,,5053,5826,32052,8390,10654
1995-07-01,,5157,5816,31828,8351,10527
1995-08-01,,5134,6004,31930,8383,10483
1995-09-01,,5249,6011,32018,8552,10902
1995-10-01,,5269,6063,31830,8483,10541
1995-11-01,,5319,6139,32087,8593,10980
1995-12-01,,5276,6159,32236,8664,10839
1996-01-01,,5143,6064,32352,8456,10790
1996-02-01,,5176,6115,32338,8669,11045
1996-03-01,,5393,6241,32389,8920,11035
1996-04-01,,5427,6240,32542,8798,11056
1996-05-01,,5402,6286,32567,8982,11213
1996-06-01,,5497,6227,32555,9003,10980
1996-07-01,,5521,6106,32776,9023,10990
1996-08-01,,5469,6181,33105,9137,11077
1996-09-01,,5576,6279,32717,9113,11238
1996-10-01,,5591,6257,33112,9251,11206
1996-11-01,,5584,6189,33283,9345,11036
1996-12-01,,5575,6134,32884,9392,11081
1997-01-01,,5639,5974,33435,9347,11243
1997-02-01,,5669,6226,33312,9546,11164
1997-03-01,,5725,6240,33564,9861,11380
1997-04-01,,5788,6348,33334,9432,10715
1997-05-01,,5813,6268,33510,9637,11088
1997-06-01,,5841,6305,33162,9804,11310
1997-07-01,,5850,6387,33498,9827,11365
1997-08-01,,5958,6407,33654,9876,11527
1997-09-01,,5975,6392,33580,9987,11507
1997-10-01,,5960,6432,33789,9947,11628
1997-11-01,,6069,6478,33641,10119,11594
1997-12-01,,6115,6509,33408,10080,11789
1998-01-01,,6184,6624,33630,10302,11823
1998-02-01,,6142,6661,33435,10271,11884
1998-03-01,,6149,6625,33543,10247,11739
1998-04-01,,6165,6651,33811,10480,12136
1998-05-01,,6157,6692,33849,10553,11953
1998-06-01,,6227,6752,33977,10534,12069
1998-07-01,,6246,6820,34262,10706,12289
1998-08-01,,6239,6928,34246,10942,12160
1998-09-01,,6222,6811,34307,10831,11847
1998-10-01,,6310,6802,34617,10987,12242
1998-11-01,,6452,6804,34440,11094,12443
1998-12-01,,6504,6809,34874,11166,12375
1999-01-01,,6434,6861,34689,11322,12565
1999-02-01,,6565,6876,35071,11347,12613
1999-03-01,,6633,6973,35047,11451,12757
1999-04-01,,6585,7026,35435,11449,12765
1999-05-01,,6687,7108,35426,11624,13016
1999-06-01,,6778,7132,35176,11695,12960
1999-07-01,,6750,7252,35666,11740,12945
1999-08-01,,6947,7139,35315,11705,13029
1999-09-01,,7065,7257,35918,11840,13128
1999-10-01,,7132,7295,35577,12037,13054
1999-11-01,,7074,7102,35655,12094,13061
1999-12-01,,7079,7347,37044,12624,13303
2000-01-01,,7292,7462,34913,12246,12986
2000-02-01,,7341,7506,35305,12194,13152
2000-03-01,,7376,7501,36003,12403,13477
2000-04-01,,7523,7712,36297,12626,13428
2000-05-01,,7469,7468,36068,12655,13644
2000-06-01,,7368,7234,36679,12711,13557
2000-07-01,,7544,7306,36353,12845,13379
2000-08-01,,7470,7338,36537,12874,13690
2000-09-01,,7464,7423,36785,13149,14120
2000-10-01,,7552,7311,36727,13116,13807
2000-11-01,,7353,7189,37028,13194,13947
2000-12-01,,7015,7213,37391,13414,13750
2001-01-01,,7578,7214,37215,13235,13772
2001-02-01,,7396,7180,37628,13421,13840
2001-03-01,,7335,7109,37681,13496,13392
2001-04-01,,7348,7076,37595,13518,13920
2001-05-01,,7344,7002,37906,13639,13524
2001-06-01,,7402,7090,38005,13727,13476
2001-07-01,,7476,7164,37742,13724,13590
2001-08-01,,7409,7187,38209,13831,13913
2001-09-01,,7213,7021,38154,13802,12992
2001-10-01,,7362,7183,38291,14105,13593
2001-11-01,,7469,7414,38442,14105,13636
2001-12-01,,7700,7672,38416,14184,13795
2002-01-01,,7644,7420,38205,14339,13795
2002-02-01,,7709,7484,38282,14550,14003
2002-03-01,,7713,7544,38237,14646,14109
2002-04-01,,7665,7480,37836,14705,13925
2002-05-01,,7716,7551,38198,14734,13900
2002-06-01,,7605,7547,38006,14809,13951
2002-07-01,,7523,7454,38117,14815,13852
2002-08-01,,7609,7424,38224,14963,14026
2002-09-01,,7596,7367,37783,15152,13721
2002-10-01,,7584,7432,38127,15067,14164
2002-11-01,,7738,7363,38431,15229,14126
2002-12-01,,7737,7421,38001,15104,14282
2003-01-01,,7600,7277,38763,15313,14245
2003-02-01,,7288,7204,38621,15350,13788
2003-03-01,,7629,7243,38571,15486,14026
2003-04-01,,7664,7320,38689,15527,14066
2003-05-01,,7820,7431,38599,15646,14294
2003-06-01,,7848,7507,38728,15733,14548
2003-07-01,,7862,7597,39167,15957,14715
2003-08-01,,7921,7811,39153,16146,14737
2003-09-01,,7969,7751,39149,16194,14813
2003-10-01,,8015,7843,39221,16219,14729
2003-11-01,,8120,7892,38989,16330,14927
2003-12-01,,8100,7944,38926,16421,15051
2004-01-01,,8075,7920,39900,16187,15142
2004-02-01,,8132,7932,39144,15914,15284
2004-03-01,,8342,7971,39674,16250,15509
2004-04-01,,8269,8044,39892,16284,15294
2004-05-01,,8155,8133,39995,16302,15351
2004-06-01,,8342,8170,39856,16360,15110
2004-07-01,,8615,8199,40148,16375,15294
2004-08-01,,8445,8198,39905,16428,15233
2004-09-01,,8345,8311,40571,16414,15448
2004-10-01,,8582,8319,40448,16588,15638
2004-11-01,,8495,8306,40704,16572,15675
2004-12-01,,8659,8327,40893,16681,15832
2005-01-01,,8599,8420,40993,16999,15762
2005-02-01,,8673,8606,41081,17085,16279
2005-03-01,,8610,8642,41167,17038,15869
2005-04-01,,8759,8655,41568,17143,16248
2005-05-01,,8702,8611,41369,17241,16071
2005-06-01,,8847,8689,41684,17187,16424
2005-07-01,,8851,8720,41539,17441,16072
2005-08-01,,8939,8715,41818,17357,16346
2005-09-01,,9001,8783,42249,17493,16042
2005-10-01,,9060,8923,42120,17562,16744
2005-11-01,,9084,8799,42123,17619,16700
2005-12-01,,9038,8778,42547,17824,16799
2006-01-01,,9323,9243,42023,17831,16902
2006-02-01,,9205,8953,42704,17879,16984
2006-03-01,,9196,9031,42590,17995,16947
2006-04-01,,9171,9040,42600,18087,17196
2006-05-01,,9108,8978,42981,18271,17069
2006-06-01,,9268,8967,43155,18364,17284
2006-07-01,,9193,9000,43114,18444,17320
2006-08-01,,9198,8990,43481,18517,17178
2006-09-01,,9306,9002,43252,18683,17858
2006-10-01,,9154,8819,43815,18834,17676
2006-11-01,,9079,9002,43855,19048,17505
2006-12-01,,9114,9352,44040,19280,18077
2007-01-01,,9355,9068,44130,19188,18053
2007-02-01,,9154,8982,44574,19135,17697
2007-03-01,,9183,8874,44615,19259,18174
2007-04-01,,9171,8865,44290,19316,17789
2007-05-01,,9103,8924,44741,19350,18037
2007-06-01,,9031,8876,44938,19579,17970
2007-07-01,,9079,8942,44990,19549,17980
2007-08-01,,9049,9107,44971,19718,18059
2007-09-01,,8883,9059,45156,19851,17964
2007-10-01,,8883,9134,45370,19726,17964
2007-11-01,,8846,9336,45875,19705,18256
2007-12-01,,8734,9240,46060,19691,18120
2008-01-01,,8629,9037,46162,19857,18065
2008-02-01,,8373,9038,46011,20024,17834
2008-03-01,,8393,9054,46181,20059,17937
2008-04-01,,8385,9148,46610,19892,17865
2008-05-01,,8373,9358,46742,20282,18200
2008-06-01,,8242,9186,46816,20270,18278
2008-07-01,,8163,9201,47139,20373,18129
2008-08-01,,7944,9065,47280,20347,18121
2008-09-01,,7512,8664,47072,20387,17119
2008-10-01,,7536,8563,47028,20358,16929
2008-11-01,,7438,8586,46756,20495,16765
2008-12-01,,7252,8211,46086,20457,16427
2009-01-01,,7163,8743,47023,20486,16774
2009-02-01,,7097,8724,46239,20639,16996
2009-03-01,,6850,7982,46182,20661,16043
2009-04-01,,6866,7929,46449,20797,16527
2009-05-01,,6894,7870,46558,20853,16632
2009-06-01,,6887,7900,46638,20801,16382
2009-07-01,,6841,7825,46644,20753,16617
2009-08-01,,6771,7885,46600,20815,16863
2009-09-01,,6778,7835,46859,20955,16729
2009-10-01,,6717,7754,46953,21012,16899
2009-11-01,,6775,8038,47049,21045,16662
2009-12-01,,6825,7947,47301,20951,16615
2010-01-01,,6813,8098,47197,20917,16917
2010-02-01,,6929,8365,48009,20942,16956
2010-03-01,,7020,8006,47578,21090,17446
2010-04-01,,6930,8140,47522,21206,17286
2010-05-01,,6905,8242,47511,21146,17229
2010-06-01,,6875,8359,47181,21400,17070
2010-07-01,,6898,8223,47289,21487,17154
2010-08-01,,6923,8202,47564,21594,17218
2010-09-01,,6898,8274,47989,21634,17289
2010-10-01,,6846,8101,47885,21833,17599
2010-11-01,,6900,7926,48457,21914,17987
2010-12-01,,6863,8140,48485,22002,17760
2011-01-01,,6785,8108,48973,22421,17928
2011-02-01,,6950,8226,49396,22169,18147
2011-03-01,,7204,8333,49413,22275,18203
2011-04-01,,7125,8384,50160,22162,18533
2011-05-01,,7041,8264,49743,22327,18372
2011-06-01,,7022,8298,50254,22323,18735
2011-07-01,,7071,8426,50300,22442,18564
2011-08-01,,7121,8478,50487,22543,18448
2011-09-01,,7185,8340,50463,22444,19039
2011-10-01,,7090,8664,50589,22569,18697
2011-11-01,,7190,8492,50686,22484,18832
2011-12-01,,7323,8341,50599,22422,19041
2012-01-01,,7427,8409,50854,22716,19119
2012-02-01,,7413,8445,50921,22709,19817
2012-03-01,,7383,8606,51455,22696,19593
2012-04-01,,7291,8482,51551,22774,19109
2012-05-01,,7438,8614,51577,22591,19160
2012-06-01,,7351,8542,51554,22164,19432
2012-07-01,,7438,8649,51588,22505,19238
2012-08-01,,7389,8535,51678,22442,19493
2012-09-01,,7409,8539,51813,22292,19636
2012-10-01,,7208,8213,52130,22197,19427
2012-11-01,,7441,8535,52030,22345,19498
2012-12-01,,7741,8692,52059,22561,19707
2013-01-01,,7719,8683,52021,22832,19971
2013-02-01,,7663,8747,52625,22660,19843
2013-03-01,,7680,8511,52494,22690,19878
2013-04-01,,7635,8536,52022,22595,19979
2013-05-01,,7567,8544,52596,22692,19932
2013-06-01,,7779,8557,52550,22661,19890
2013-07-01,,7758,8480,52899,22904,20084
2013-08-01,,7823,8475,53114,22926,19857
2013-09-01,,7867,8429,53134,23318,19833
2013-10-01,,7977,8509,53282,23340,20250
2013-11-01,,8048,8446,53411,23337,19813
2013-12-01,,7756,8357,53873,23385,20016
2014-01-01,,7620,8388,54153,23344,20093
2014-02-01,,7906,8413,54102,23458,20044
2014-03-01,,8030,8454,54177,23590,20152
2014-04-01,,8160,8422,54557,23780,20650
2014-05-01,,8138,8296,54837,24112,20270
2014-06-01,,8148,8212,55269,24297,20308
2014-07-01,,8171,8292,55461,24321,20380
2014-08-01,,8309,8366,55669,24398,20544
2014-09-01,,8243,8509,55786,24505,20279
2014-10-01,,8276,8477,56103,24410,20629
2014-11-01,,8388,8794,56093,24514,20827
2014-12-01,,8512,8641,56343,24662,20722
2015-01-01,,8485,8505,56455,24857,20607
2015-02-01,,8304,8376,56523,24629,20769
2015-03-01,,8546,8157,56498,25209,20812
2015-04-01,,8661,8289,56410,24774,20917
2015-05-01,,8856,8327,56471,24747,21080
2015-06-01,,8688,8394,56703,24913,20809
2015-07-01,,8853,8240,56926,25141,21033
2015-08-01,,8861,8242,56841,25292,21077
2015-09-01,,8868,8255,56710,25608,20877
2015-10-01,,8963,8154,56531,25419,20749
2015-11-01,,8950,8102,56825,25556,20779
2015-12-01,,9161,8007,56717,25784,20918
2016-01-01,,9039,7849,56924,25587,20830
2016-02-01,,9066,7931,57023,26116,21387
2016-03-01,,9026,7764,56589,25974,20918
2016-04-01,,9014,7773,57213,26170,20855
2016-05-01,,9061,7798,57457,26146,20965
2016-06-01,,9213,7770,57815,26256,21099
2016-07-01,,9151,7820,57519,26250,20903
2016-08-01,,9120,7890,57747,26147,21215
2016-09-01,,9340,7605,58190,26166,21347
2016-10-01,,9171,7519,58433,25356,21165
2016-11-01,,9161,7423,58485,25604,20927
2016-12-01,,9138,7488,58787,25687,21374
2017-01-01,,9291,7583,58898,25711,21488
2017-02-01,,9287,7505,59290,26015,21101
2017-03-01,,9352,7685,59722,26174,21246
2017-04-01,,9204,7771,59909,26376,21292
2017-05-01,,9285,7622,59935,26452,21057
2017-06-01,,9373,7543,59797,26668,21201
2017-07-01,,9316,7474,59772,26714,21073
2017-08-01,,9390,7469,60129,26985,21186
2017-09-01,,9346,7536,60750,27068,21294
2017-10-01,,9609,7592,60973,27240,21197
2017-11-01,,9711,7782,61008,27385,21447
2017-12-01,,9834,7685,61701,27236,21213
2018-01-01,,9633,7725,61133,27252,21245
2018-02-01,,9657,7826,61438,27097,21771
2018-03-01,,9673,7752,61612,27273,21144
2018-04-01,,9799,7825,61725,27542,21458
2018-05-01,,9718,7791,61824,28029,22172
2018-06-01,,9760,7828,61637,27714,21628
2018-07-01,,9811,7737,61984,27854,21947
2018-08-01,,9676,7792,61825,28105,21516
2018-09-01,,9676,7649,62220,27963,21405
2018-10-01,,9707,7684,62440,28240,21841
2018-11-01,,9727,7649,62620,28760,21895
2018-12-01,,9839,7548,62625,27554,21565
2019-01-01,,9580,7604,63542,28419,21463
2019-02-01,,9595,7509,62322,28763,21504
2019-03-01,,9708,7548,63417,28653,21833
2019-04-01,,9765,7353,63689,28584,21771
2019-05-01,,9839,7517,63678,28791,21580
2019-06-01,,9891,7477,64087,28636,21582
2019-07-01,,9917,7487,64700,28497,21862
2019-08-01,,9897,7455,64829,28493,21882
2019-09-01,,10045,7455,64250,28425,21645
2019-10-01,,9918,7392,64094,28704,21693
2019-11-01,,9981,7420,64286,28465,21674
2019-12-01,,9978,7442,64688,28126,22475
2020-01-01,,10193,7309,64016,28935,22198
2020-02-01,,10025,7215,64173,29230,22039
2020-03-01,,7819,5915,81129,30701,11074
2020-04-01,,3885,3297,70473,26149,2733
2020-05-01,,7023,4065,71627,26601,8051
2020-06-01,,9717,5731,70404,28472,16725
2020-07-01,,10012,6529,70602,30081,17379
2020-08-01,,10493,6644,69584,29524,17692
2020-09-01,,10576,6451,69533,30012,20047
2020-10-01,,10457,6870,69109,29987,19565
2020-11-01,,10188,6598,69946,29583,18596
2020-12-01,,10373,6315,69704,29717,19382
2021-01-01,,11555,7143,70898,29812,20099
2021-02-01,,10900,6869,71138,29636,19154
2021-03-01,,11734,8059,71566,32090,23506
2021-04-01,,11779,8092,72105,31957,23453
2021-05-01,,11580,7940,72713,31321,24044
2021-06-01,,11488,8288,73707,32334,24979
2021-07-01,,11510,8099,73162,32225,24315
2021-08-01,,11464,7822,74945,32429,23905
2021-09-01,,11501,7725,75106,32183,24228
2021-10-01,,11763,8195,75494,32099,24412
2021-11-01,,11607,7309,75718,32490,25012
2021-12-01,,11167,7236,76176,32390,23938
2022-01-01,,11538,7293,76736,32664,23163
2022-02-01,,11645,7467,76833,32416,23910
2022-03-01,,11888,8118,77639,32553,25056
2022-04-01,,12199,8316,77749,32838,25103
2022-05-01,,11953,7881,78595,32656,24530
2022-06-01,,11772,7760,79558,33212,24674
2022-07-01,,11631,7803,79013,33431,24136
2022-08-01,,11776,7764,79571,33318,24499
2022-09-01,,11665,7722,80001,33529,24693
2022-10-01,,11961,7639,80825,33673,24713
2022-11-01,,11473,7044,81086,33896,24512
2022-12-01,,11115,6890,80756,33098,24019
2023-01-01,132373,12652,7876,80632,34603,24950
2023-02-01,128257,11864,7641,81271,35070,24660
2023-03-01,126396,11588,7651,80761,35207,24410
2023-04-01,127973,11416,7533,80500,35493,24368
2023-05-01,130110,11293,7521,80658,35745,24290
2023-06-01,132443,11361,7610,80470,35734,24402
2023-07-01,130481,11194,7436,80666,35455,24718
2023-08-01,131374,11178,7571,81199,36097,25104
2023-09-01,132828,10971,7661,81235,36011,24811
2023-10-01,130458,10881,7629,81323,37298,24683
2023-11-01,130084,11052,7365,81530,37150,24838
2023-12-01,130225,10659,7136,81272,36210,25141
2024-01-01,129356,10864,7714,81086,35827,24838
2024-02-01,131471,10787,7769,81149,35765,25122
2024-03-01,130215,10610,7455,81569,35624,24241
2024-04-01,129214,10743,7667,82119,35778,24923
2024-05-01,132640,10860,7752,82078,36028,25212
2024-06-01,128483,10993,7636,82336,36021,25247
2024-07-01,132828,11079,7666,82951,37535,25279
2024-08-01,132195,11144,7504,82540,37678,24957
2024-09-01,132259,11356,7253,83361,38360,25330
2024-10-01,135603,11194,7455,83557,38196,25520
2024-11-01,139565,11347,7497,83430,38085,25483
2024-12-01,140033,11873,7507,84191,37831,25890
2025-01-01,,11457,7484,83981,37806,25942
2025-02-01,,11566,7526,84458,38865,25599
2025-03-01,,11412,7610,84583,39145,26029
2025-04-01,,11518,7586,84431,39198,26209
2025-05-01,,11335,7628,83772,39143,26307
2025-06-01,,11336,7619,84565,39799,26647
2025-07-01,,11611,7756,84755,40182,26962
2025-08-01,,11182,7703,85168,39957,27195
2025-09-01,,11020,7698,85111,40637,26921
2025-10-01,,11174,7717,85116,40456,27298
2025-11-01,,11163,7727,84854,40222,27393
2025-12-01,,10953,7768,85002,40119,27176
2026-01-01,,11070,7857,84988,38913,27080
2026-02-01,,11023,7953,84066,39681,27797
2026-03-01,,11283,8069,84983,40178,27854
2026-04-01,,11152,8200,85455,40086,27706
2026-05-01,,11327,8149,85588,40372,27986
2026-06-01,,11319,8189,85408,40238,27792
2026-07-01,,11296,8180,85214,40355,28163
